[{"date":"2021-06-12T00:00:00Z","event":"http://www.wikidata.org/entity/Q89411340","eventLabel":"Electronic Entertainment Expo 2021"},{"date":"2021-06-06T00:00:00Z","event":"http://www.wikidata.org/entity/Q96182806","eventLabel":"2018 general elections in Chihuahua"},{"date":"2021-06-05T00:00:00Z","event":"http://www.wikidata.org/entity/Q101803987","eventLabel":"2021 Latvian municipal elections"},{"date":"2021-06-01T00:00:00Z","event":"http://www.wikidata.org/entity/Q104881876","eventLabel":"2021 New Mexico's 1st congressional district special election"},{"date":"2021-05-31T00:00:00Z","event":"http://www.wikidata.org/entity/Q106410288","eventLabel":"American Ninja Warrior, season 13"},{"date":"2021-05-27T00:00:00Z","event":"http://www.wikidata.org/entity/Q106603523","eventLabel":"Wikidata Lab XXIX"},{"date":"2021-06-01T00:00:00Z","event":"http://www.wikidata.org/entity/Q106788884","eventLabel":"Natural objects of Estonia"},{"date":"2021-05-18T00:00:00Z","event":"http://www.wikidata.org/entity/Q106848695","eventLabel":"Dans le marbre et l'airain. La mémoire des Bonaparte en Corse"},{"date":"2021-05-19T00:00:00Z","event":"http://www.wikidata.org/entity/Q106882435","eventLabel":"Peintres femmes, 1780-1830. Naissance d'un combat"},{"date":"2021-05-17T00:00:00Z","event":"http://www.wikidata.org/entity/Q106882471","eventLabel":"border incident between Spain and Morocco in 2021"}]